model,condition,source_type,gold_label_source,n,parse_rate,any_defect_accuracy,type_exact_match_rate,type_precision,type_recall,type_f1,macro_type_precision,macro_type_recall,macro_type_f1,supported_defect_types,severity_weighted_precision,severity_weighted_recall,severity_weighted_f1,false_alarm_rate,missed_defect_rate,missed_major_or_critical_rate,mean_over_report_count,mean_under_report_count,mean_severity_abs_error,span_support_rate,unsupported_span_rate,mean_confidence,brier_any_defect,ece_any_defect,high_confidence_wrong_rate,low_confidence_correct_rate,needs_human_review_rate,mean_pred_defect_count,mean_elapsed_sec
gemma3:4b,rubric_guided,acceptance_criterion,rule_seeded,96,0.9791666666666666,0.2604166666666667,0.020833333333333332,0.06382978723404255,0.13953488372093023,0.0875912408759124,0.09047619047619047,0.12912087912087913,0.09129967776584318,7,0.10204081632653061,0.16129032258064516,0.12500000000000003,0.71875,0.020833333333333332,0.0,0.71875,0.1875,0.8125,0.7872340425531915,0.2127659574468085,0.8354166666666663,0.5495312499999994,0.5749999999999997,0.71875,0.0,0.0,0.9791666666666666,3.8088020833333336
gemma3:4b,rubric_guided,function_spec,test_oracle_derived,200,0.995,0.715,0.01,0.020100502512562814,0.02631578947368421,0.02279202279202279,0.013457748213845775,0.08712121212121211,0.02168174962292609,6,0.024630541871921183,0.03225806451612903,0.02793296089385475,0.28,0.005,0.0,0.28,0.045,0.305,0.9296482412060302,0.07035175879396985,0.8477499999999971,0.22498750000000023,0.13274999999999706,0.28,0.0,0.0,0.995,3.212864999999998
gemma3:4b,rubric_guided,issue_statement,rule_seeded,96,0.96875,0.5833333333333334,0.052083333333333336,0.13953488372093023,0.10256410256410256,0.11822660098522168,0.07374338624338622,0.07029967159277503,0.05388816952357463,9,0.18421052631578946,0.10344827586206896,0.13249211356466875,0.3541666666666667,0.0625,0.03125,0.3541666666666667,0.6770833333333334,0.8333333333333334,0.6046511627906976,0.3953488372093023,0.8765624999999999,0.3236718750000001,0.31406250000000063,0.3958333333333333,0.010416666666666666,0.010869565217391304,0.8958333333333334,4.096208333333334
gemma3:4b,rubric_guided,layout_change_spec,mutation_description_derived,120,1.0,0.625,0.0,0.0,0.0,0.0,0.0,0.0,0.0,7,0.0,0.0,0.0,0.375,0.0,0.0,0.375,0.008333333333333333,0.375,0.95,0.05,0.8508333333333319,0.28483333333333377,0.2266666666666652,0.375,0.0,0.0,1.0,3.2008083333333333
gemma3:4b,rubric_guided,synthetic_defect,synthetic_injected,96,1.0,1.0,0.34375,0.34375,0.34375,0.34375,0.35944741532976826,0.34375,0.29855021009443794,8,0.4,0.3181818181818182,0.35443037974683544,0.0,0.0,0.0,0.0,0.0,0.3958333333333333,0.9375,0.0625,0.8499999999999995,0.02249999999999998,0.15000000000000047,0.0,0.0,0.0,1.0,3.2670729166666663
gemma3:4b,rubric_guided,testing_rule_spec,rule_spec_derived,5,0.8,0.6,0.2,0.0,0.0,0.0,0.0,0.0,0.0,4,0.0,0.0,0.0,0.4,0.0,0.0,0.4,0.2,0.6,0.25,0.75,0.6799999999999999,0.29799999999999993,0.48,0.4,0.2,0.0,0.8,3.4296000000000006
gemma3:4b,zero_shot,acceptance_criterion,rule_seeded,96,0.9791666666666666,0.2604166666666667,0.041666666666666664,0.09574468085106383,0.20930232558139536,0.13138686131386862,0.1023391812865497,0.18681318681318682,0.10524051517840337,7,0.1326530612244898,0.20967741935483872,0.1625,0.71875,0.020833333333333332,0.0,0.71875,0.1875,0.8125,0.851063829787234,0.14893617021276595,0.833333333333333,0.5457812499999992,0.573958333333333,0.71875,0.0,0.0,0.9791666666666666,2.663437500000001
gemma3:4b,zero_shot,function_spec,test_oracle_derived,200,0.995,0.715,0.01,0.015,0.019736842105263157,0.017045454545454544,0.009110216856695729,0.07196969696969698,0.014861721375032307,6,0.01951219512195122,0.025806451612903226,0.022222222222222223,0.28,0.005,0.0,0.285,0.045,0.305,0.9246231155778895,0.075,0.846749999999997,0.2251875000000002,0.13174999999999695,0.28,0.0,0.0,1.0,5.209345
gemma3:4b,zero_shot,issue_statement,rule_seeded,96,0.96875,0.65625,0.16666666666666666,0.2,0.1282051282051282,0.15625,0.1259525075314549,0.09179438058748403,0.08252749128325164,9,0.24752475247524752,0.12315270935960591,0.1644736842105263,0.2604166666666667,0.08333333333333333,0.041666666666666664,0.2604166666666667,0.6979166666666666,0.7291666666666666,0.6,0.4,0.8744791666666668,0.32242187500000014,0.24947916666666722,0.3229166666666667,0.010416666666666666,0.021505376344086023,0.78125,2.642052083333333
gemma3:4b,zero_shot,layout_change_spec,mutation_description_derived,120,1.0,0.625,0.0,0.0,0.0,0.0,0.0,0.0,0.0,7,0.0,0.0,0.0,0.375,0.0,0.0,0.375,0.008333333333333333,0.375,0.9833333333333333,0.016666666666666666,0.8499999999999984,0.28500000000000036,0.22499999999999842,0.375,0.0,0.0,1.0,3.8824083333333337
gemma3:4b,zero_shot,synthetic_defect,synthetic_injected,96,0.9895833333333334,0.9895833333333334,0.3541666666666667,0.35789473684210527,0.3541666666666667,0.35602094240837695,0.3548611111111111,0.3541666666666667,0.32566825711475816,8,0.4019607843137255,0.3106060606060606,0.3504273504273504,0.0,0.010416666666666666,0.0,0.0,0.010416666666666666,0.4270833333333333,0.9263157894736842,0.07368421052631578,0.8390624999999997,0.03351562499999998,0.1505208333333337,0.0,0.0,0.0,0.9895833333333334,39.50353125000001
gemma3:4b,zero_shot,testing_rule_spec,rule_spec_derived,5,1.0,0.4,0.0,0.0,0.0,0.0,0.0,0.0,0.0,4,0.0,0.0,0.0,0.6,0.0,0.0,0.6,0.2,0.8,0.6,0.4,0.85,0.4424999999999999,0.44999999999999996,0.6,0.0,0.0,1.0,5.4864
granite3.2-vision:latest,rubric_guided,acceptance_criterion,rule_seeded,96,1.0,0.71875,0.71875,0.0,0.0,0.0,0.0,0.0,0.0,6,0.0,0.0,0.0,0.0,0.28125,0.07291666666666667,0.0,0.4479166666666667,0.3541666666666667,0.0,0.0,0.9500000000000016,0.6493750000000009,0.23125000000000162,0.28125,0.0,0.0,0.0,0.7759479166666666
granite3.2-vision:latest,rubric_guided,function_spec,test_oracle_derived,200,1.0,0.285,0.245,0.125,0.019736842105263157,0.03409090909090909,0.03125,0.1875,0.05357142857142857,4,0.125,0.01935483870967742,0.033519553072625705,0.0,0.715,0.005,0.05,0.69,0.705,0.0,1.0,0.9337499999999974,0.24393749999999986,0.648749999999999,0.715,0.0,0.0,0.12,0.8653150000000001
granite3.2-vision:latest,rubric_guided,issue_statement,rule_seeded,96,0.9791666666666666,0.4166666666666667,0.34375,0.0,0.0,0.0,0.0,0.0,0.0,9,0.0,0.0,0.0,0.03125,0.5520833333333334,0.3229166666666667,0.041666666666666664,1.09375,0.8645833333333334,0.0,1.0,0.9085416666666678,0.3643062500000002,0.49187500000000123,0.5625,0.0,0.0425531914893617,0.16666666666666666,1.1333854166666666
granite3.2-vision:latest,rubric_guided,layout_change_spec,mutation_description_derived,120,1.0,0.375,0.375,0.0,0.0,0.0,0.0,0.0,0.0,3,0.0,0.0,0.0,0.0,0.625,0.0,0.0,0.6333333333333333,0.625,0.0,0.0,0.9500000000000018,0.34,0.5750000000000018,0.625,0.0,0.0,0.0,0.7922583333333335
granite3.2-vision:latest,rubric_guided,synthetic_defect,synthetic_injected,96,1.0,0.03125,0.0,0.0,0.0,0.0,0.0,0.0,0.0,8,0.0,0.0,0.0,0.0,0.96875,0.3541666666666667,0.0,0.96875,1.34375,0.0,1.0,0.9459375000000015,0.0034343750000000034,0.9259375000000015,0.96875,0.0,0.03125,0.03125,0.8182500000000003
granite3.2-vision:latest,rubric_guided,testing_rule_spec,rule_spec_derived,5,1.0,0.6,0.6,0.0,0.0,0.0,0.0,0.0,0.0,2,0.0,0.0,0.0,0.0,0.4,0.2,0.0,0.6,0.6,0.0,0.0,0.95,0.5425,0.35,0.4,0.0,0.0,0.0,0.8192
granite3.2-vision:latest,zero_shot,acceptance_criterion,rule_seeded,96,1.0,0.71875,0.6458333333333334,0.0,0.0,0.0,0.0,0.0,0.0,6,0.0,0.0,0.0,0.0,0.28125,0.07291666666666667,0.07291666666666667,0.4375,0.4166666666666667,0.0,1.0,0.9391666666666679,0.6329083333333342,0.22958333333333467,0.28125,0.0,0.0,0.08333333333333333,0.8239270833333333
granite3.2-vision:latest,zero_shot,function_spec,test_oracle_derived,200,0.995,0.285,0.2,0.07692307692307693,0.019736842105263157,0.031413612565445025,0.019230769230769232,0.1875,0.034883720930232565,4,0.07692307692307693,0.01935483870967742,0.030927835051546396,0.0,0.715,0.005,0.095,0.66,0.72,0.0,1.0,0.9192499999999975,0.22996750000000016,0.6442499999999999,0.715,0.005,0.0,0.195,0.9550650000000007
granite3.2-vision:latest,zero_shot,issue_statement,rule_seeded,96,0.9895833333333334,0.4166666666666667,0.3125,0.0,0.0,0.0,0.0,0.0,0.0,9,0.0,0.0,0.0,0.020833333333333332,0.5625,0.3229166666666667,0.07291666666666667,1.09375,0.8958333333333334,0.0,1.0,0.914375000000001,0.34672500000000017,0.4977083333333345,0.5729166666666666,0.0,0.031578947368421054,0.19791666666666666,1.1488854166666664
granite3.2-vision:latest,zero_shot,layout_change_spec,mutation_description_derived,120,1.0,0.375,0.36666666666666664,0.0,0.0,0.0,0.0,0.0,0.0,4,0.0,0.0,0.0,0.0,0.625,0.0,0.008333333333333333,0.6333333333333333,0.6333333333333333,0.0,1.0,0.9489166666666686,0.3380825000000001,0.5769166666666684,0.625,0.0,0.0,0.008333333333333333,0.8374916666666669
granite3.2-vision:latest,zero_shot,synthetic_defect,synthetic_injected,96,1.0,0.03125,0.0,0.0,0.0,0.0,0.0,0.0,0.0,8,0.0,0.0,0.0,0.0,0.96875,0.34375,0.0,0.96875,1.34375,0.0,1.0,0.9459375000000015,0.0034343750000000034,0.9259375000000015,0.96875,0.0,0.010416666666666666,0.03125,0.863125
granite3.2-vision:latest,zero_shot,testing_rule_spec,rule_spec_derived,5,0.8,0.6,0.4,0.0,0.0,0.0,0.0,0.0,0.0,3,0.0,0.0,0.0,0.0,0.4,0.2,0.2,0.6,0.8,0.0,1.0,0.734,0.31598,0.6059999999999999,0.4,0.2,0.0,0.2,1.2933999999999999
llama3.2:3b,rubric_guided,acceptance_criterion,rule_seeded,96,1.0,0.28125,0.03125,0.0625,0.13953488372093023,0.08633093525179857,0.16316526610644258,0.17765567765567766,0.052154195011337875,7,0.08163265306122448,0.12903225806451613,0.1,0.71875,0.0,0.0,0.71875,0.16666666666666666,0.7916666666666666,0.09210526315789473,0.9078947368421053,0.819999999999999,0.49240000000000067,0.538749999999999,0.71875,0.0,0.0,1.0,0.8055729166666667
llama3.2:3b,rubric_guided,function_spec,test_oracle_derived,200,1.0,0.72,0.02,0.02,0.02631578947368421,0.022727272727272724,0.004020100502512563,0.2,0.007881773399014778,5,0.02,0.025806451612903226,0.022535211267605635,0.28,0.0,0.0,0.28,0.04,0.285,0.01,0.99,0.8199999999999961,0.21160000000000045,0.09999999999999609,0.28,0.0,0.0,1.0,0.8244250000000002
llama3.2:3b,rubric_guided,issue_statement,rule_seeded,96,0.9791666666666666,0.4375,0.14583333333333334,0.10909090909090909,0.05128205128205128,0.06976744186046512,0.2469135802469136,0.04133597883597884,0.04590017825311943,9,0.15517241379310345,0.04433497536945813,0.06896551724137932,0.2604166666666667,0.3020833333333333,0.15625,0.2604166666666667,0.90625,0.8958333333333334,0.19607843137254902,0.803921568627451,0.768229166666666,0.37605937500000014,0.35156250000000006,0.4791666666666667,0.010416666666666666,0.0,0.5729166666666666,1.0579374999999998
llama3.2:3b,rubric_guided,layout_change_spec,mutation_description_derived,120,1.0,0.625,0.0,0.0,0.0,0.0,0.0,0.0,0.0,4,0.0,0.0,0.0,0.375,0.0,0.0,0.375,0.008333333333333333,0.375,0.0,1.0,0.8199999999999978,0.2723999999999996,0.19499999999999784,0.375,0.0,0.0,1.0,0.8149166666666664
llama3.2:3b,rubric_guided,synthetic_defect,synthetic_injected,96,0.9895833333333334,0.9583333333333334,0.19791666666666666,0.20652173913043478,0.19791666666666666,0.2021276595744681,0.21964285714285714,0.19791666666666666,0.13754474235159045,8,0.25510204081632654,0.1893939393939394,0.2173913043478261,0.0,0.041666666666666664,0.03125,0.0,0.041666666666666664,0.4166666666666667,0.11594202898550725,0.8840579710144928,0.8031249999999991,0.052485416666666666,0.15520833333333423,0.020833333333333332,0.0,0.0,0.9583333333333334,0.825000000000001
llama3.2:3b,rubric_guided,testing_rule_spec,rule_spec_derived,5,1.0,0.4,0.0,0.0,0.0,0.0,0.0,0.0,0.0,3,0.0,0.0,0.0,0.6,0.0,0.0,0.6,0.2,0.8,0.0,1.0,0.82,0.4164,0.41999999999999993,0.6,0.0,0.0,1.0,0.8026
llama3.2:3b,zero_shot,acceptance_criterion,rule_seeded,96,1.0,0.28125,0.03125,0.041666666666666664,0.09302325581395349,0.05755395683453238,0.00761904761904762,0.14285714285714285,0.014466546112115734,7,0.041666666666666664,0.06451612903225806,0.05063291139240506,0.71875,0.0,0.0,0.71875,0.16666666666666666,0.7916666666666666,0.08333333333333333,0.9166666666666666,0.819999999999999,0.49240000000000067,0.538749999999999,0.71875,0.0,0.0,1.0,0.7947500000000001
llama3.2:3b,zero_shot,function_spec,test_oracle_derived,200,1.0,0.72,0.02,0.02,0.02631578947368421,0.022727272727272724,0.004020100502512563,0.2,0.007881773399014778,5,0.02,0.025806451612903226,0.022535211267605635,0.28,0.0,0.0,0.28,0.04,0.285,0.005,0.995,0.8199999999999961,0.21160000000000045,0.09999999999999609,0.28,0.0,0.0,1.0,0.8040199999999997
llama3.2:3b,zero_shot,issue_statement,rule_seeded,96,0.96875,0.4895833333333333,0.15625,0.10344827586206896,0.05128205128205128,0.06857142857142857,0.12268518518518519,0.05324074074074074,0.03159041394335512,9,0.16129032258064516,0.04926108374384237,0.07547169811320754,0.25,0.2604166666666667,0.13541666666666666,0.25,0.8645833333333334,0.84375,0.09090909090909091,0.9090909090909091,0.6737500000000001,0.36590416666666675,0.33000000000000024,0.3854166666666667,0.07291666666666667,0.0,0.6041666666666666,1.0367291666666667
llama3.2:3b,zero_shot,layout_change_spec,mutation_description_derived,120,1.0,0.625,0.0,0.0,0.0,0.0,0.0,0.0,0.0,4,0.0,0.0,0.0,0.375,0.0,0.0,0.375,0.008333333333333333,0.375,0.0,1.0,0.8199999999999978,0.2723999999999996,0.19499999999999784,0.375,0.0,0.0,1.0,0.7952416666666673
llama3.2:3b,zero_shot,synthetic_defect,synthetic_injected,96,1.0,1.0,0.20833333333333334,0.20833333333333334,0.20833333333333334,0.20833333333333334,0.20630787037037038,0.20833333333333334,0.14457070707070707,8,0.24752475247524752,0.1893939393939394,0.2145922746781116,0.0,0.0,0.0,0.0,0.0,0.375,0.11267605633802817,0.8873239436619719,0.819999999999999,0.03239999999999999,0.18000000000000105,0.0,0.0,0.0,1.0,0.8127916666666669
llama3.2:3b,zero_shot,testing_rule_spec,rule_spec_derived,5,1.0,0.4,0.0,0.0,0.0,0.0,0.0,0.0,0.0,3,0.0,0.0,0.0,0.6,0.0,0.0,0.6,0.2,0.8,0.0,1.0,0.82,0.4164,0.41999999999999993,0.6,0.0,0.0,1.0,0.8092
qwen2.5-coder:1.5b,rubric_guided,acceptance_criterion,rule_seeded,96,1.0,0.28125,0.041666666666666664,0.08461538461538462,0.2558139534883721,0.12716763005780346,0.04523809523809524,0.2857142857142857,0.0767554885201944,7,0.10526315789473684,0.22580645161290322,0.14358974358974358,0.71875,0.0,0.0,1.0729166666666667,0.16666666666666666,0.7916666666666666,0.4583333333333333,0.5076923076923077,0.7639583333333335,0.433585416666667,0.48270833333333346,0.010416666666666666,0.0,0.2604166666666667,1.3541666666666667,1.02034375
qwen2.5-coder:1.5b,rubric_guided,function_spec,test_oracle_derived,200,1.0,0.72,0.095,0.095,0.125,0.10795454545454546,0.12044653349001173,0.14460784313725492,0.0422386291131164,6,0.095,0.12258064516129032,0.10704225352112674,0.28,0.0,0.0,0.28,0.04,0.285,0.37,0.63,0.7774500000000009,0.20399850000000036,0.05745000000000089,0.0,0.0,0.49,1.0,0.8367199999999998
qwen2.5-coder:1.5b,rubric_guided,issue_statement,rule_seeded,96,0.9791666666666666,0.625,0.052083333333333336,0.13821138211382114,0.1452991452991453,0.14166666666666666,0.09006779349916605,0.11441176958418338,0.08453850676072898,9,0.2074074074074074,0.13793103448275862,0.16568047337278105,0.3541666666666667,0.020833333333333332,0.010416666666666666,0.625,0.5625,0.6979166666666666,0.34065934065934067,0.6693548387096774,0.8388541666666676,0.289603125,0.25552083333333364,0.19791666666666666,0.020833333333333332,0.40425531914893614,1.28125,1.1027291666666668
qwen2.5-coder:1.5b,rubric_guided,layout_change_spec,mutation_description_derived,120,0.9916666666666667,0.6333333333333333,0.008333333333333333,0.0,0.0,0.0,0.0,0.0,0.0,6,0.0,0.0,0.0,0.36666666666666664,0.0,0.0,0.36666666666666664,0.008333333333333333,0.36666666666666664,0.4789915966386555,0.5210084033613446,0.7520000000000003,0.244935,0.1353333333333337,0.0,0.008333333333333333,0.5294117647058824,0.9916666666666667,0.9327333333333334
qwen2.5-coder:1.5b,rubric_guided,synthetic_defect,synthetic_injected,96,1.0,1.0,0.125,0.12403100775193798,0.16666666666666666,0.14222222222222222,0.07567663817663818,0.14814814814814817,0.09622721928277483,9,0.13076923076923078,0.12878787878787878,0.12977099236641224,0.0,0.0,0.0,0.34375,0.0,0.375,0.3923611111111111,0.6124031007751938,0.7586458333333335,0.05879062499999999,0.24135416666666656,0.0,0.0,0.4791666666666667,1.34375,0.969770833333333
qwen2.5-coder:1.5b,rubric_guided,testing_rule_spec,rule_spec_derived,5,1.0,0.4,0.0,0.0,0.0,0.0,0.0,0.0,0.0,3,0.0,0.0,0.0,0.6,0.0,0.0,0.6,0.2,0.8,0.4,0.6,0.768,0.39004000000000005,0.368,0.0,0.0,0.2,1.0,0.873
qwen2.5-coder:1.5b,zero_shot,acceptance_criterion,rule_seeded,96,1.0,0.28125,0.03125,0.07246376811594203,0.23255813953488372,0.11049723756906078,0.059924464473973836,0.25,0.09296235679214403,7,0.08571428571428572,0.1935483870967742,0.1188118811881188,0.71875,0.0,0.0,1.1458333333333333,0.15625,0.7916666666666666,0.4913194444444444,0.4855072463768116,0.7561458333333334,0.42850729166666673,0.47489583333333335,0.010416666666666666,0.0,0.23958333333333334,1.4375,1.0098541666666672
qwen2.5-coder:1.5b,zero_shot,function_spec,test_oracle_derived,200,0.995,0.715,0.17,0.17475728155339806,0.23684210526315788,0.2011173184357542,0.10175115207373273,0.10714285714285714,0.060885351207931857,7,0.17307692307692307,0.23225806451612904,0.19834710743801653,0.28,0.005,0.0,0.315,0.045,0.295,0.4547738693467337,0.5388349514563107,0.7579500000000003,0.20768850000000022,0.04295000000000033,0.0,0.0,0.35678391959798994,1.03,0.9067799999999999
qwen2.5-coder:1.5b,zero_shot,issue_statement,rule_seeded,96,0.9895833333333334,0.59375,0.03125,0.14166666666666666,0.1452991452991453,0.14345991561181437,0.09025402531527758,0.11044351561592941,0.08425048040811588,9,0.21374045801526717,0.13793103448275862,0.16766467065868265,0.3645833333333333,0.041666666666666664,0.020833333333333332,0.625,0.59375,0.7395833333333334,0.32037037037037036,0.6666666666666666,0.8408333333333341,0.28507916666666666,0.26791666666666686,0.1875,0.010416666666666666,0.3473684210526316,1.25,0.9896562499999999
qwen2.5-coder:1.5b,zero_shot,layout_change_spec,mutation_description_derived,120,0.9833333333333333,0.6416666666666667,0.016666666666666666,0.0,0.0,0.0,0.0,0.0,0.0,6,0.0,0.0,0.0,0.35833333333333334,0.0,0.0,0.35833333333333334,0.008333333333333333,0.35833333333333334,0.4491525423728814,0.5508474576271186,0.7420000000000002,0.24101000000000003,0.1336666666666669,0.0,0.016666666666666666,0.5169491525423728,0.9833333333333333,0.9522166666666663
qwen2.5-coder:1.5b,zero_shot,synthetic_defect,synthetic_injected,96,1.0,1.0,0.10416666666666667,0.08955223880597014,0.125,0.10434782608695653,0.04798841968653289,0.1111111111111111,0.06122190566635011,9,0.0962962962962963,0.09848484848484848,0.09737827715355804,0.0,0.0,0.0,0.3958333333333333,0.0,0.375,0.3958333333333333,0.6194029850746269,0.7530208333333334,0.061434375000000006,0.2469791666666666,0.0,0.0,0.3645833333333333,1.3958333333333333,1.0376979166666669
qwen2.5-coder:1.5b,zero_shot,testing_rule_spec,rule_spec_derived,5,0.8,0.6,0.2,0.0,0.0,0.0,0.0,0.0,0.0,3,0.0,0.0,0.0,0.4,0.0,0.0,0.4,0.2,0.6,0.25,0.75,0.6,0.25,0.4,0.0,0.2,0.0,0.8,0.9734000000000002
qwen2.5-coder:14b,rubric_guided,acceptance_criterion,rule_seeded,96,1.0,0.71875,0.7083333333333334,0.5,0.023255813953488372,0.04444444444444444,0.16666666666666666,0.018518518518518517,0.03333333333333333,6,0.5,0.016129032258064516,0.03125,0.010416666666666666,0.2708333333333333,0.07291666666666667,0.010416666666666666,0.4375,0.3541666666666667,1.0,0.0,0.9962499999999999,0.7156750000000001,0.2774999999999999,0.28125,0.0,0.0,0.020833333333333332,3.3822916666666676
qwen2.5-coder:14b,rubric_guided,function_spec,test_oracle_derived,200,0.995,0.485,0.21,0.3076923076923077,0.2631578947368421,0.28368794326241137,0.2106060606060606,0.25735294117647056,0.14380952380952378,5,0.3106060606060606,0.2645161290322581,0.2857142857142857,0.075,0.44,0.0,0.365,0.475,0.525,0.9714285714285714,0.02564102564102564,0.9187999999999993,0.26212100000000016,0.4963,0.495,0.005,0.010050251256281407,0.65,5.552429999999999
qwen2.5-coder:14b,rubric_guided,issue_statement,rule_seeded,96,1.0,0.40625,0.34375,0.16666666666666666,0.017094017094017096,0.0310077519379845,0.12962962962962965,0.010775862068965518,0.01942110177404295,9,0.26666666666666666,0.019704433497536946,0.03669724770642202,0.041666666666666664,0.5520833333333334,0.2708333333333333,0.0625,1.15625,0.9270833333333334,0.9,0.08333333333333333,0.9826041666666666,0.37618854166666665,0.5763541666666667,0.59375,0.0,0.0,0.125,4.3311979166666665
qwen2.5-coder:14b,rubric_guided,layout_change_spec,mutation_description_derived,120,1.0,0.425,0.375,0.0,0.0,0.0,0.0,0.0,0.0,6,0.0,0.0,0.0,0.0,0.575,0.0,0.016666666666666666,0.5833333333333334,0.575,1.0,0.0,0.9909999999999999,0.37662000000000007,0.584,0.575,0.0,0.0,0.06666666666666667,5.641858333333332
qwen2.5-coder:14b,rubric_guided,synthetic_defect,synthetic_injected,96,1.0,0.3541666666666667,0.20833333333333334,0.5882352941176471,0.20833333333333334,0.3076923076923077,0.1875,0.20833333333333331,0.18333333333333335,8,0.5185185185185185,0.21212121212121213,0.3010752688172043,0.0,0.6458333333333334,0.14583333333333334,0.0,0.6458333333333334,1.0208333333333333,1.0,0.0,0.9362499999999994,0.011475,0.7095833333333333,0.6458333333333334,0.0,0.0,0.3541666666666667,4.406239583333334
qwen2.5-coder:14b,rubric_guided,testing_rule_spec,rule_spec_derived,5,1.0,0.6,0.6,0.0,0.0,0.0,0.0,0.0,0.0,2,0.0,0.0,0.0,0.0,0.4,0.2,0.0,0.6,0.6,0.0,0.0,1.0,0.6,0.4,0.4,0.0,0.0,0.0,5.365
qwen2.5-coder:14b,zero_shot,acceptance_criterion,rule_seeded,96,1.0,0.71875,0.7083333333333334,0.5,0.023255813953488372,0.04444444444444444,0.16666666666666666,0.018518518518518517,0.03333333333333333,6,0.5,0.016129032258064516,0.03125,0.010416666666666666,0.2708333333333333,0.07291666666666667,0.010416666666666666,0.4375,0.3541666666666667,1.0,0.0,0.9962499999999999,0.7156750000000001,0.2774999999999999,0.28125,0.0,0.0,0.020833333333333332,3.7312604166666645
qwen2.5-coder:14b,zero_shot,function_spec,test_oracle_derived,200,0.99,0.48,0.23,0.2828282828282828,0.18421052631578946,0.22310756972111553,0.175,0.041176470588235294,0.06666666666666668,5,0.28,0.18064516129032257,0.21960784313725487,0.065,0.455,0.0,0.23,0.495,0.53,0.9848484848484849,0.010752688172043012,0.9287999999999986,0.2574960000000004,0.4763,0.515,0.01,0.005050505050505051,0.495,5.123365000000002
qwen2.5-coder:14b,zero_shot,issue_statement,rule_seeded,96,1.0,0.4166666666666667,0.3541666666666667,0.2222222222222222,0.017094017094017096,0.03174603174603175,0.1388888888888889,0.010775862068965518,0.019805902158843335,9,0.3333333333333333,0.019704433497536946,0.0372093023255814,0.03125,0.5520833333333334,0.2708333333333333,0.03125,1.15625,0.9166666666666666,0.8888888888888888,0.1111111111111111,0.9844791666666666,0.37960104166666664,0.5678125,0.5833333333333334,0.0,0.0,0.09375,4.558781249999999
qwen2.5-coder:14b,zero_shot,layout_change_spec,mutation_description_derived,120,1.0,0.44166666666666665,0.375,0.0,0.0,0.0,0.0,0.0,0.0,6,0.0,0.0,0.0,0.0,0.5583333333333333,0.0,0.016666666666666666,0.5666666666666667,0.5583333333333333,1.0,0.0,0.9879999999999998,0.37716000000000005,0.5703333333333334,0.5583333333333333,0.0,0.0,0.08333333333333333,3.6019916666666676
qwen2.5-coder:14b,zero_shot,synthetic_defect,synthetic_injected,96,1.0,0.3645833333333333,0.22916666666666666,0.6285714285714286,0.22916666666666666,0.33587786259541985,0.1875,0.22916666666666669,0.19696969696969696,8,0.5614035087719298,0.24242424242424243,0.3386243386243386,0.0,0.6354166666666666,0.13541666666666666,0.0,0.6354166666666666,1.0,1.0,0.0,0.9343749999999993,0.011812500000000002,0.7010416666666666,0.6354166666666666,0.0,0.0,0.3645833333333333,4.541104166666667
qwen2.5-coder:14b,zero_shot,testing_rule_spec,rule_spec_derived,5,1.0,0.6,0.6,0.0,0.0,0.0,0.0,0.0,0.0,2,0.0,0.0,0.0,0.0,0.4,0.2,0.0,0.6,0.6,0.0,0.0,1.0,0.6,0.4,0.4,0.0,0.0,0.0,3.2640000000000002
qwen2.5-coder:3b,rubric_guided,acceptance_criterion,rule_seeded,96,1.0,0.71875,0.71875,0.0,0.0,0.0,0.0,0.0,0.0,6,0.0,0.0,0.0,0.0,0.28125,0.07291666666666667,0.0,0.4479166666666667,0.3541666666666667,0.0,0.0,1.0,0.71875,0.28125,0.28125,0.0,0.0,0.0,0.8442500000000006
qwen2.5-coder:3b,rubric_guided,function_spec,test_oracle_derived,200,1.0,0.275,0.275,0.0,0.0,0.0,0.0,0.0,0.0,4,0.0,0.0,0.0,0.005,0.72,0.005,0.005,0.76,0.73,1.0,0.0,0.9989,0.278042,0.7239,0.72,0.0,0.0,0.005,0.8506749999999995
qwen2.5-coder:3b,rubric_guided,issue_statement,rule_seeded,96,1.0,0.3854166666666667,0.3854166666666667,0.0,0.0,0.0,0.0,0.0,0.0,9,0.0,0.0,0.0,0.0,0.6145833333333334,0.3333333333333333,0.0,1.21875,0.9479166666666666,0.0,0.0,0.9979166666666668,0.38552083333333337,0.6125,0.6145833333333334,0.0,0.0,0.0,0.9878854166666668
qwen2.5-coder:3b,rubric_guided,layout_change_spec,mutation_description_derived,120,1.0,0.375,0.375,0.0,0.0,0.0,0.0,0.0,0.0,3,0.0,0.0,0.0,0.0,0.625,0.0,0.0,0.6333333333333333,0.625,0.0,0.0,1.0,0.375,0.625,0.625,0.0,0.0,0.0,0.845425
qwen2.5-coder:3b,rubric_guided,synthetic_defect,synthetic_injected,96,1.0,0.0,0.0,0.0,0.0,0.0,0.0,0.0,0.0,8,0.0,0.0,0.0,0.0,1.0,0.375,0.0,1.0,1.375,0.0,0.0,0.9994791666666667,2.6041666666666712e-05,0.9994791666666667,1.0,0.0,0.0,0.0,0.8398229166666669
qwen2.5-coder:3b,rubric_guided,testing_rule_spec,rule_spec_derived,5,1.0,0.6,0.6,0.0,0.0,0.0,0.0,0.0,0.0,2,0.0,0.0,0.0,0.0,0.4,0.2,0.0,0.6,0.6,0.0,0.0,1.0,0.6,0.4,0.4,0.0,0.0,0.0,0.8308
qwen2.5-coder:3b,zero_shot,acceptance_criterion,rule_seeded,96,1.0,0.71875,0.71875,0.0,0.0,0.0,0.0,0.0,0.0,6,0.0,0.0,0.0,0.0,0.28125,0.07291666666666667,0.0,0.4479166666666667,0.3541666666666667,0.0,0.0,1.0,0.71875,0.28125,0.28125,0.0,0.0,0.0,0.7692291666666667
qwen2.5-coder:3b,zero_shot,function_spec,test_oracle_derived,200,1.0,0.275,0.275,0.0,0.0,0.0,0.0,0.0,0.0,4,0.0,0.0,0.0,0.005,0.72,0.005,0.005,0.76,0.73,1.0,0.0,0.9989,0.278042,0.7239,0.72,0.0,0.0,0.005,0.8207249999999996
qwen2.5-coder:3b,zero_shot,issue_statement,rule_seeded,96,1.0,0.3854166666666667,0.3854166666666667,0.0,0.0,0.0,0.0,0.0,0.0,9,0.0,0.0,0.0,0.0,0.6145833333333334,0.3333333333333333,0.0,1.21875,0.9479166666666666,0.0,0.0,0.9989583333333334,0.38546875,0.6135416666666667,0.6145833333333334,0.0,0.0,0.0,0.9004375000000003
qwen2.5-coder:3b,zero_shot,layout_change_spec,mutation_description_derived,120,1.0,0.375,0.375,0.0,0.0,0.0,0.0,0.0,0.0,3,0.0,0.0,0.0,0.0,0.625,0.0,0.0,0.6333333333333333,0.625,0.0,0.0,1.0,0.375,0.625,0.625,0.0,0.0,0.0,0.8646333333333331
qwen2.5-coder:3b,zero_shot,synthetic_defect,synthetic_injected,96,1.0,0.0,0.0,0.0,0.0,0.0,0.0,0.0,0.0,8,0.0,0.0,0.0,0.0,1.0,0.375,0.0,1.0,1.375,0.0,0.0,1.0,0.0,1.0,1.0,0.0,0.0,0.0,0.7830416666666666
qwen2.5-coder:3b,zero_shot,testing_rule_spec,rule_spec_derived,5,1.0,0.6,0.6,0.0,0.0,0.0,0.0,0.0,0.0,2,0.0,0.0,0.0,0.0,0.4,0.2,0.0,0.6,0.6,0.0,0.0,1.0,0.6,0.4,0.4,0.0,0.0,0.0,1.109
qwen2.5-coder:7b,rubric_guided,acceptance_criterion,rule_seeded,96,1.0,0.71875,0.71875,0.0,0.0,0.0,0.0,0.0,0.0,6,0.0,0.0,0.0,0.0,0.28125,0.07291666666666667,0.0,0.4479166666666667,0.3541666666666667,0.0,0.0,1.0,0.71875,0.28125,0.28125,0.0,0.0,0.0,1.7756249999999991
qwen2.5-coder:7b,rubric_guided,function_spec,test_oracle_derived,200,1.0,0.43,0.235,0.0,0.0,0.0,0.0,0.0,0.0,6,0.0,0.0,0.0,0.045,0.525,0.005,0.06,0.565,0.575,0.9583333333333334,0.0784313725490196,0.9499999999999998,0.2735,0.5449999999999998,0.535,0.0,0.055,0.255,2.4220450000000007
qwen2.5-coder:7b,rubric_guided,issue_statement,rule_seeded,96,1.0,0.4583333333333333,0.34375,0.23529411764705882,0.03418803418803419,0.059701492537313446,0.07870370370370369,0.034722222222222224,0.04502923976608187,9,0.2857142857142857,0.03940886699507389,0.06926406926406926,0.052083333333333336,0.4895833333333333,0.25,0.041666666666666664,1.0833333333333333,0.8958333333333334,0.5,0.47058823529411764,0.9911458333333337,0.38065104166666663,0.5328125000000004,0.5416666666666666,0.0,0.041666666666666664,0.17708333333333334,2.3344270833333334
qwen2.5-coder:7b,rubric_guided,layout_change_spec,mutation_description_derived,120,1.0,0.55,0.375,0.0,0.0,0.0,0.0,0.0,0.0,4,0.0,0.0,0.0,0.0,0.45,0.0,0.0,0.4583333333333333,0.45,1.0,0.0,0.95625,0.3859375,0.49374999999999997,0.45,0.0,0.14166666666666666,0.175,2.4510750000000003
qwen2.5-coder:7b,rubric_guided,synthetic_defect,synthetic_injected,96,1.0,0.15625,0.14583333333333334,0.9333333333333333,0.14583333333333334,0.2522522522522523,0.25,0.14583333333333334,0.1607142857142857,8,0.9411764705882353,0.12121212121212122,0.21476510067114093,0.0,0.84375,0.3541666666666667,0.0,0.84375,1.3333333333333333,1.0,0.0,0.9651041666666668,0.008515625,0.8765625000000001,0.84375,0.0,0.125,0.15625,2.1785312500000003
qwen2.5-coder:7b,rubric_guided,testing_rule_spec,rule_spec_derived,5,1.0,0.6,0.6,0.0,0.0,0.0,0.0,0.0,0.0,2,0.0,0.0,0.0,0.0,0.4,0.2,0.0,0.6,0.6,0.0,0.0,1.0,0.6,0.4,0.4,0.0,0.0,0.0,1.8806
qwen2.5-coder:7b,zero_shot,acceptance_criterion,rule_seeded,96,1.0,0.7291666666666666,0.71875,0.0,0.0,0.0,0.0,0.0,0.0,6,0.0,0.0,0.0,0.0,0.2708333333333333,0.07291666666666667,0.0,0.4375,0.34375,1.0,0.0,0.9994791666666667,0.7187760416666666,0.27031250000000007,0.2708333333333333,0.0,0.0,0.010416666666666666,1.8699791666666663
qwen2.5-coder:7b,zero_shot,function_spec,test_oracle_derived,200,1.0,0.465,0.225,0.0,0.0,0.0,0.0,0.0,0.0,6,0.0,0.0,0.0,0.055,0.48,0.005,0.08,0.52,0.545,0.940677966101695,0.09375,0.9432499999999997,0.27583750000000007,0.5232499999999999,0.505,0.0,0.065,0.32,2.31821
qwen2.5-coder:7b,zero_shot,issue_statement,rule_seeded,96,1.0,0.4375,0.34375,0.2,0.02564102564102564,0.045454545454545456,0.09259259259259259,0.02546296296296296,0.037037037037037035,9,0.25,0.029556650246305417,0.05286343612334801,0.052083333333333336,0.5104166666666666,0.2604166666666667,0.041666666666666664,1.1041666666666667,0.90625,0.5,0.4666666666666667,0.9921875000000003,0.3805989583333333,0.5546875000000003,0.5625,0.0,0.052083333333333336,0.15625,2.478145833333333
qwen2.5-coder:7b,zero_shot,layout_change_spec,mutation_description_derived,120,1.0,0.6083333333333333,0.375,0.0,0.0,0.0,0.0,0.0,0.0,4,0.0,0.0,0.0,0.0,0.39166666666666666,0.0,0.0,0.4,0.39166666666666666,1.0,0.0,0.9416666666666667,0.38958333333333334,0.45000000000000007,0.39166666666666666,0.0,0.175,0.23333333333333334,2.191525000000001
qwen2.5-coder:7b,zero_shot,synthetic_defect,synthetic_injected,96,1.0,0.17708333333333334,0.13541666666666666,0.7647058823529411,0.13541666666666666,0.2300884955752212,0.25,0.13541666666666666,0.14423076923076922,8,0.7368421052631579,0.10606060606060606,0.18543046357615894,0.0,0.8229166666666666,0.3333333333333333,0.0,0.8229166666666666,1.3020833333333333,1.0,0.0,0.9807291666666669,0.0035677083333333338,0.8296875000000002,0.8229166666666666,0.0,0.14583333333333334,0.17708333333333334,2.0462187499999995
qwen2.5-coder:7b,zero_shot,testing_rule_spec,rule_spec_derived,5,1.0,0.6,0.6,0.0,0.0,0.0,0.0,0.0,0.0,2,0.0,0.0,0.0,0.0,0.4,0.2,0.0,0.6,0.6,0.0,0.0,1.0,0.6,0.4,0.4,0.0,0.0,0.0,1.779
qwen2.5:3b,rubric_guided,acceptance_criterion,rule_seeded,96,1.0,0.65625,0.6458333333333334,0.0,0.0,0.0,0.0,0.0,0.0,6,0.0,0.0,0.0,0.07291666666666667,0.2708333333333333,0.07291666666666667,0.07291666666666667,0.4375,0.4166666666666667,1.0,0.0,0.7573958333333334,0.43049687500000006,0.10114583333333334,0.010416666666666666,0.0,0.0,0.08333333333333333,1.0682083333333334
qwen2.5:3b,rubric_guided,function_spec,test_oracle_derived,200,0.98,0.29,0.28,0.0,0.0,0.0,0.0,0.0,0.0,4,0.0,0.0,0.0,0.0,0.71,0.005,0.0,0.75,0.715,1.0,0.0,0.736,0.20595,0.46599999999999997,0.005,0.01,0.04081632653061224,0.01,0.9482850000000005
qwen2.5:3b,rubric_guided,issue_statement,rule_seeded,96,0.9895833333333334,0.5104166666666666,0.375,0.1875,0.02564102564102564,0.04511278195488722,0.023809523809523808,0.027777777777777776,0.02564102564102564,9,0.2777777777777778,0.024630541871921183,0.04524886877828054,0.020833333333333332,0.46875,0.2604166666666667,0.020833333333333332,1.0729166666666667,0.8229166666666666,0.9375,0.0625,0.7543750000000001,0.27361875,0.25083333333333335,0.020833333333333332,0.0,0.0,0.16666666666666666,1.4625208333333342
qwen2.5:3b,rubric_guided,layout_change_spec,mutation_description_derived,120,1.0,0.4083333333333333,0.375,0.0,0.0,0.0,0.0,0.0,0.0,4,0.0,0.0,0.0,0.0,0.5916666666666667,0.0,0.0,0.6,0.5916666666666667,0.75,0.25,0.75,0.25,0.3416666666666667,0.0,0.0,0.0,0.03333333333333333,0.9755666666666666
qwen2.5:3b,rubric_guided,synthetic_defect,synthetic_injected,96,1.0,0.3020833333333333,0.052083333333333336,0.1724137931034483,0.052083333333333336,0.08,0.1046195652173913,0.05208333333333333,0.061160714285714284,8,0.25,0.06060606060606061,0.0975609756097561,0.0,0.6979166666666666,0.22916666666666666,0.0,0.6979166666666666,1.0729166666666667,0.9655172413793104,0.034482758620689655,0.75,0.0625,0.4479166666666667,0.0,0.0,0.07291666666666667,0.3020833333333333,1.2867187500000001
qwen2.5:3b,rubric_guided,testing_rule_spec,rule_spec_derived,5,1.0,0.6,0.6,0.0,0.0,0.0,0.0,0.0,0.0,2,0.0,0.0,0.0,0.0,0.4,0.2,0.0,0.6,0.6,0.0,0.0,0.75,0.3625,0.15000000000000002,0.0,0.0,0.0,0.0,0.9
qwen2.5:3b,zero_shot,acceptance_criterion,rule_seeded,96,1.0,0.71875,0.7083333333333334,0.0,0.0,0.0,0.0,0.0,0.0,6,0.0,0.0,0.0,0.010416666666666666,0.2708333333333333,0.07291666666666667,0.010416666666666666,0.4375,0.3541666666666667,1.0,0.0,0.7625000000000001,0.4347916666666667,0.04375000000000002,0.020833333333333332,0.0,0.0,0.020833333333333332,1.3065833333333332
qwen2.5:3b,zero_shot,function_spec,test_oracle_derived,200,0.98,0.285,0.28,0.0,0.0,0.0,0.0,0.0,0.0,4,0.0,0.0,0.0,0.0,0.715,0.005,0.0,0.755,0.72,1.0,0.0,0.736,0.20795000000000002,0.47150000000000003,0.0,0.01,0.030612244897959183,0.005,1.359635000000001
qwen2.5:3b,zero_shot,issue_statement,rule_seeded,96,0.9895833333333334,0.4375,0.3958333333333333,0.6,0.02564102564102564,0.04918032786885246,0.06666666666666667,0.027777777777777776,0.0392156862745098,9,0.7142857142857143,0.024630541871921183,0.04761904761904762,0.0,0.5625,0.3020833333333333,0.0,1.1666666666666667,0.8958333333333334,1.0,0.0,0.7380208333333335,0.27622395833333335,0.31510416666666663,0.010416666666666666,0.010416666666666666,0.0,0.052083333333333336,1.5678541666666668
qwen2.5:3b,zero_shot,layout_change_spec,mutation_description_derived,120,1.0,0.4,0.375,0.0,0.0,0.0,0.0,0.0,0.0,4,0.0,0.0,0.0,0.0,0.6,0.0,0.0,0.6083333333333333,0.6,0.6666666666666666,0.3333333333333333,0.75,0.25,0.35,0.0,0.0,0.0,0.025,0.7670000000000006
qwen2.5:3b,zero_shot,synthetic_defect,synthetic_injected,96,1.0,0.3020833333333333,0.052083333333333336,0.1724137931034483,0.052083333333333336,0.08,0.1388888888888889,0.05208333333333333,0.054945054945054944,8,0.22580645161290322,0.05303030303030303,0.08588957055214724,0.0,0.6979166666666666,0.23958333333333334,0.0,0.6979166666666666,1.0729166666666667,0.896551724137931,0.10344827586206896,0.7496875,0.062665625,0.44760416666666664,0.0,0.0,0.03125,0.3020833333333333,1.8015833333333333
qwen2.5:3b,zero_shot,testing_rule_spec,rule_spec_derived,5,1.0,0.6,0.6,0.0,0.0,0.0,0.0,0.0,0.0,2,0.0,0.0,0.0,0.0,0.4,0.2,0.0,0.6,0.6,0.0,0.0,0.75,0.3625,0.15000000000000002,0.0,0.0,0.0,0.0,1.3616
qwen2.5vl:3b,rubric_guided,acceptance_criterion,rule_seeded,96,1.0,0.25,0.03125,0.043010752688172046,0.09302325581395349,0.058823529411764705,0.007168458781362008,0.16666666666666666,0.013745704467353953,6,0.043010752688172046,0.06451612903225806,0.05161290322580645,0.71875,0.03125,0.010416666666666666,0.71875,0.19791666666666666,0.8229166666666666,0.40860215053763443,0.5913978494623656,0.8221874999999988,0.491855208333334,0.5721874999999991,0.75,0.0,0.46875,0.96875,2.040322916666667
qwen2.5vl:3b,rubric_guided,function_spec,test_oracle_derived,200,0.96,0.75,0.05,0.015625,0.019736842105263157,0.01744186046511628,0.00390625,0.1875,0.007653061224489796,4,0.015625,0.01935483870967742,0.01729106628242075,0.245,0.005,0.0,0.245,0.045,0.255,0.5572916666666666,0.4427083333333333,0.7871999999999963,0.1929040000000003,0.10719999999999637,0.245,0.035,0.65625,0.96,2.0283100000000003
qwen2.5vl:3b,rubric_guided,issue_statement,rule_seeded,96,0.9791666666666666,0.71875,0.23958333333333334,0.16129032258064516,0.08547008547008547,0.111731843575419,0.017921146953405017,0.0925925925925926,0.030030030030030026,9,0.2571428571428571,0.08866995073891626,0.13186813186813187,0.15625,0.125,0.0625,0.15625,0.7291666666666666,0.6145833333333334,0.3387096774193548,0.6612903225806451,0.8379166666666675,0.32092500000000007,0.1399999999999999,0.2708333333333333,0.010416666666666666,0.1595744680851064,0.6458333333333334,1.6976250000000004
qwen2.5vl:3b,rubric_guided,layout_change_spec,mutation_description_derived,120,0.9666666666666667,0.6416666666666667,0.025,0.0,0.0,0.0,0.0,0.0,0.0,4,0.0,0.0,0.0,0.35,0.008333333333333333,0.0,0.35,0.016666666666666666,0.35833333333333334,0.1724137931034483,0.8275862068965517,0.7926666666666647,0.2636533333333329,0.20099999999999796,0.35,0.025,0.7844827586206896,0.9666666666666667,2.0996833333333327
qwen2.5vl:3b,rubric_guided,synthetic_defect,synthetic_injected,96,1.0,0.9583333333333334,0.125,0.13043478260869565,0.125,0.1276595744680851,0.016304347826086956,0.125,0.028846153846153848,8,0.13043478260869565,0.09090909090909091,0.10714285714285714,0.0,0.041666666666666664,0.03125,0.0,0.041666666666666664,0.4166666666666667,0.358695652173913,0.6413043478260869,0.8238541666666656,0.03138854166666666,0.21052083333333413,0.041666666666666664,0.0,0.28125,0.9583333333333334,1.776614583333333
qwen2.5vl:3b,rubric_guided,testing_rule_spec,rule_spec_derived,5,0.6,0.8,0.4,0.0,0.0,0.0,0.0,0.0,0.0,3,0.0,0.0,0.0,0.2,0.0,0.0,0.2,0.2,0.4,0.0,1.0,0.492,0.14743999999999996,0.492,0.2,0.4,1.0,0.6,1.8155999999999999
qwen2.5vl:3b,zero_shot,acceptance_criterion,rule_seeded,96,1.0,0.28125,0.03125,0.041666666666666664,0.09302325581395349,0.05755395683453238,0.006944444444444444,0.16666666666666666,0.01333333333333333,6,0.041666666666666664,0.06451612903225806,0.05063291139240506,0.71875,0.0,0.0,0.71875,0.16666666666666666,0.7916666666666666,0.4270833333333333,0.5729166666666666,0.819999999999999,0.49240000000000067,0.538749999999999,0.71875,0.0,0.4375,1.0,1.8826875000000003
qwen2.5vl:3b,zero_shot,function_spec,test_oracle_derived,200,0.975,0.735,0.035,0.015384615384615385,0.019736842105263157,0.01729106628242075,0.0038461538461538464,0.1875,0.007537688442211056,4,0.015384615384615385,0.01935483870967742,0.017142857142857144,0.26,0.005,0.0,0.26,0.045,0.27,0.558974358974359,0.441025641025641,0.7994999999999962,0.20299000000000042,0.10449999999999622,0.26,0.02,0.6153846153846154,0.975,1.92536
qwen2.5vl:3b,zero_shot,issue_statement,rule_seeded,96,0.9791666666666666,0.7083333333333334,0.19791666666666666,0.15942028985507245,0.09401709401709402,0.11827956989247311,0.017713365539452495,0.10185185185185185,0.03017832647462277,9,0.2564102564102564,0.09852216748768473,0.1423487544483986,0.19791666666666666,0.09375,0.052083333333333336,0.19791666666666666,0.6979166666666666,0.625,0.36231884057971014,0.6376811594202898,0.8320833333333338,0.31485,0.14458333333333334,0.28125,0.010416666666666666,0.2127659574468085,0.71875,1.5500729166666662
qwen2.5vl:3b,zero_shot,layout_change_spec,mutation_description_derived,120,0.9666666666666667,0.6416666666666667,0.025,0.0,0.0,0.0,0.0,0.0,0.0,4,0.0,0.0,0.0,0.35,0.008333333333333333,0.0,0.35,0.016666666666666666,0.35833333333333334,0.19827586206896552,0.8017241379310345,0.7926666666666647,0.2636533333333329,0.20099999999999796,0.35,0.025,0.6120689655172413,0.9666666666666667,1.9461666666666668
qwen2.5vl:3b,zero_shot,synthetic_defect,synthetic_injected,96,1.0,0.9791666666666666,0.125,0.1276595744680851,0.125,0.12631578947368421,0.015957446808510637,0.125,0.028301886792452827,8,0.1276595744680851,0.09090909090909091,0.10619469026548672,0.0,0.020833333333333332,0.020833333333333332,0.0,0.020833333333333332,0.3958333333333333,0.40425531914893614,0.5957446808510638,0.8227083333333322,0.031777083333333324,0.19604166666666756,0.020833333333333332,0.0,0.2604166666666667,0.9791666666666666,1.7474791666666665
qwen2.5vl:3b,zero_shot,testing_rule_spec,rule_spec_derived,5,0.4,1.0,0.6,0.0,0.0,0.0,0.0,0.0,0.0,3,0.0,0.0,0.0,0.0,0.0,0.0,0.0,0.2,0.2,0.0,1.0,0.32799999999999996,0.012960000000000008,0.672,0.0,0.6,0.5,0.4,1.7724
qwen3:4b,rubric_guided,acceptance_criterion,rule_seeded,96,1.0,0.4895833333333333,0.40625,0.08888888888888889,0.09302325581395349,0.09090909090909091,0.17521367521367523,0.10897435897435898,0.0599483204134367,6,0.08888888888888889,0.06451612903225806,0.07476635514018691,0.3229166666666667,0.1875,0.0625,0.375,0.3541666666666667,0.5833333333333334,0.95,0.044444444444444446,0.8996875000000002,0.5855697916666672,0.410104166666667,0.5,0.0,0.0,0.46875,44.22946875
qwen3:4b,rubric_guided,function_spec,test_oracle_derived,200,1.0,0.68,0.045,0.031578947368421054,0.039473684210526314,0.03508771929824561,0.14645103324348607,0.1449579831932773,0.011152180263943401,7,0.028985507246376812,0.03870967741935484,0.03314917127071823,0.255,0.065,0.0,0.295,0.105,0.395,0.9642857142857143,0.042105263157894736,0.8255999999999964,0.2211690000000006,0.1550999999999968,0.31,0.01,0.0,0.95,43.83075000000002
qwen3:4b,rubric_guided,issue_statement,rule_seeded,96,1.0,0.46875,0.3229166666666667,0.15,0.02564102564102564,0.043795620437956206,0.08201058201058202,0.020035121328224777,0.02718735942420153,9,0.2608695652173913,0.029556650246305417,0.05309734513274336,0.0625,0.46875,0.2604166666666667,0.0625,1.0729166666666667,0.8645833333333334,0.8,0.2,0.9107291666666671,0.33164687500000006,0.4628125000000005,0.53125,0.010416666666666666,0.0,0.20833333333333334,46.50623958333333
qwen3:4b,rubric_guided,layout_change_spec,mutation_description_derived,120,1.0,0.5666666666666667,0.03333333333333333,0.0,0.0,0.0,0.0,0.0,0.0,6,0.0,0.0,0.0,0.3416666666666667,0.09166666666666666,0.0,0.3416666666666667,0.1,0.4666666666666667,1.0,0.0,0.8337499999999983,0.2750924999999998,0.2670833333333321,0.4166666666666667,0.0,0.0,0.875,45.74540833333333
qwen3:4b,rubric_guided,synthetic_defect,synthetic_injected,96,1.0,0.9270833333333334,0.15625,0.1935483870967742,0.1875,0.19047619047619047,0.3985745614035088,0.1875,0.16396658896658894,8,0.2,0.15151515151515152,0.17241379310344826,0.0,0.07291666666666667,0.010416666666666666,0.041666666666666664,0.07291666666666667,0.5104166666666666,0.9887640449438202,0.010752688172043012,0.8235416666666658,0.03441874999999999,0.24104166666666715,0.07291666666666667,0.020833333333333332,0.020833333333333332,0.96875,46.56743749999999
qwen3:4b,rubric_guided,testing_rule_spec,rule_spec_derived,5,1.0,0.4,0.4,0.0,0.0,0.0,0.0,0.0,0.0,3,0.0,0.0,0.0,0.2,0.4,0.2,0.2,0.6,0.8,1.0,0.0,0.924,0.4964799999999999,0.524,0.6,0.0,0.0,0.2,45.765
qwen3:4b,zero_shot,acceptance_criterion,rule_seeded,96,1.0,0.5208333333333334,0.3958333333333333,0.1,0.11627906976744186,0.1075268817204301,0.18253968253968256,0.1794871794871795,0.05279503105590062,6,0.1,0.08064516129032258,0.08928571428571427,0.34375,0.13541666666666666,0.052083333333333336,0.375,0.3020833333333333,0.5520833333333334,1.0,0.0,0.867916666666667,0.5768312500000007,0.3679166666666668,0.4375,0.010416666666666666,0.0,0.5208333333333334,46.83921875000001
qwen3:4b,zero_shot,function_spec,test_oracle_derived,200,1.0,0.68,0.04,0.015789473684210527,0.019736842105263157,0.017543859649122806,0.14468864468864467,0.07247899159663865,0.0056569343065693434,7,0.014563106796116505,0.01935483870967742,0.01662049861495845,0.25,0.07,0.0,0.3,0.11,0.385,0.9611111111111111,0.042105263157894736,0.8292499999999966,0.21963650000000048,0.16924999999999693,0.315,0.02,0.005,0.95,45.549659999999975
qwen3:4b,zero_shot,issue_statement,rule_seeded,96,1.0,0.4166666666666667,0.3020833333333333,0.21052631578947367,0.03418803418803419,0.05882352941176471,0.08641975308641975,0.02697956577266922,0.03772847522847523,9,0.34782608695652173,0.03940886699507389,0.07079646017699115,0.08333333333333333,0.5,0.2708333333333333,0.08333333333333333,1.1041666666666667,0.9166666666666666,0.9473684210526315,0.05263157894736842,0.9013541666666676,0.3370906250000001,0.5042708333333339,0.5625,0.020833333333333332,0.0,0.19791666666666666,47.509020833333324
qwen3:4b,zero_shot,layout_change_spec,mutation_description_derived,120,1.0,0.6083333333333333,0.0,0.0,0.0,0.0,0.0,0.0,0.0,7,0.0,0.0,0.0,0.375,0.016666666666666666,0.0,0.4166666666666667,0.025,0.4583333333333333,0.9915254237288136,0.008064516129032258,0.8226666666666648,0.2713316666666664,0.21433333333333163,0.36666666666666664,0.0,0.0,1.025,53.89597500000003
qwen3:4b,zero_shot,synthetic_defect,synthetic_injected,96,1.0,0.8958333333333334,0.16666666666666666,0.2653061224489796,0.2708333333333333,0.26804123711340205,0.5146949404761905,0.27083333333333337,0.2820025176062328,8,0.3170731707317073,0.29545454545454547,0.3058823529411765,0.0,0.10416666666666667,0.0,0.125,0.10416666666666667,0.5104166666666666,0.9883720930232558,0.009900990099009901,0.8216666666666659,0.03804791666666666,0.2679166666666665,0.10416666666666667,0.041666666666666664,0.0,1.0208333333333333,51.45935416666668
qwen3:4b,zero_shot,testing_rule_spec,rule_spec_derived,5,1.0,0.4,0.4,0.0,0.0,0.0,0.0,0.0,0.0,3,0.0,0.0,0.0,0.2,0.4,0.2,0.2,0.6,0.8,1.0,0.0,0.74,0.32599999999999996,0.7399999999999999,0.6,0.2,0.0,0.2,59.7596
